name,score,uuiduuid
xnacly,900000,a8986f69-ac05-4f4c-ad1e-03ab32a1a69bd49e1653-fcb1-450d-9a1e-863816c8ff0a
ssss,1668,01710163-8612-4ed8-b917-9488aea5a31e1bc31779-b756-4ff9-adbe-420e46b6215e
WWWW,2747,6dfc717b-382c-4580-bbf9-bfde145c6e1e59e4c87c-9cd2-4e17-97ce-34f78bd75e55
xxxx,653,d617baee-cbdd-4221-80b7-a1620e2ad2bcd0e0199b-43dd-481a-a41d-93b467e1c4d6
LLLL,-322,52a1d54c-3369-4bf0-9040-df8cbbd4d7ae65826638-c436-4efd-8c4b-2ce374666a01
SSSS,-136,ae4e6617-9b7d-46fd-b3f1-a01a65c75e0345c3188e-92e5-4f59-853d-304354521860
tttt,1748,6eb500a6-21eb-459c-9014-caeeeed4451bf0bcf4c0-a96e-4065-a01d-0c02d4699287
DDDD,2524,ce485576-2a84-4158-8b17-bd6cd64a75c29fa7d618-ca54-4758-b7fc-48ea59924344
ZZZZ,817,56b12d23-ea1b-486f-8e8d-18e74bc67afb5461755a-3001-41a1-bfb1-00cd57cddfaa
hhhh,1725,5e013216-1878-4658-a222-89a0d4b5e9ceaceb2dc0-7f95-491c-a0b9-83314c70d9d6
bbbb,2636,d31220d9-9a38-4e42-aa13-1e233e9d4be746737d86-a596-448b-bf4d-9080288381a7
NNNN,294,7981c2eb-787f-4652-b98d-873878b18a4514dcb41a-ba74-4063-96f3-7885f04497f5
zzzz,1860,ea464d8c-1010-4051-8ea5-f855fe20be46a13c7208-4caa-45c9-84d1-9223cc98c424
hhhh,1640,cf17edb5-f6e2-4ff8-8786-72522fe804eb0512b2cd-0c46-4c3f-a3b4-0f482069ca73
VVVV,2116,4297784c-2d2e-42c2-a4a2-70a7855d619030bb0309-af08-4bce-820e-db72f46620f6
dddd,891,1e2edf8f-3689-4761-b824-0fc941c8654f08b3fd3c-0537-4e48-ad24-270b5c06db40
LLLL,2986,a0e072d8-3567-4092-a74a-cf9a09dd7b1365c906af-90d8-4735-a1c9-49d7e08a58f3
PPPP,1322,90cb7e58-41c2-446a-ad7b-ba01396df4928e6db9f1-c64d-452e-8f83-efe85610741d
YYYY,76,b572d54a-cccc-499d-8283-994250780167a823602f-70a1-46df-937f-5495132fc67a
mmmm,2690,31ea8172-9109-4da5-be35-15ede44305e8ed44ea30-9606-4156-ac72-fa8a521af61c
pppp,1549,c28353b0-41f0-42fa-82aa-d537e07487644f4256bd-0657-485b-83b6-18224c20e281
rrrr,2577,52c44e3d-9522-445b-ba5e-b862ccf411c5d1428499-fccd-47d2-b14f-33a6ebd4cb36
qqqq,2045,2514ecfd-96ab-432d-a9e8-2c4ed3078044261d9fcb-527f-4631-9582-e66920d73c04
WWWW,2495,e6f90fb6-b77d-4334-9170-b272a7a3506b562978c6-2616-46f0-ab53-fa86415bd347
iiii,854,8c4a8525-a2a7-48bf-9e1e-99790fbbab6a607ee6d1-930e-4cca-b739-8c93c5538c67
wwww,2192,a1662d46-4743-4409-89fd-4a5becc9358b44dc5dd1-d439-46a6-a8a1-0e876b1f49fa
AAAA,1637,6ec281a6-97cf-4ca5-b7ec-e2789de0c2d077fa72fb-bc96-40a7-bac5-58c170415661
vvvv,278,68904ee9-793e-4906-88cb-7710b93bbc6b3555e1e3-d06f-46dc-a44a-28107deeeadc
OOOO,2244,63b66a85-3d06-4e19-8880-11ba14059ae498a08a16-b865-4fff-a657-519f2ff8e350
VVVV,158,0cedae1b-fbe8-4a77-b626-c94fa69a81249a97e50f-3c69-460f-9279-e6562ec05c20
PPPP,2380,756c146f-30c1-4baa-9236-03a1250f520b2b8094b0-d95e-4bd1-8975-2b9c3cca9de4
mmmm,299,2aa3da8b-8d7f-4288-b9de-576371cbfe8a244ee5e6-4ed4-4dae-82c4-cb17ca3f1128
OOOO,2724,f6aab787-e6ad-44f8-9f7c-963caa65a330252dc295-5cb2-4fdc-9dfd-a2170943d54a
XXXX,1731,02dec82d-6332-4c2d-96f6-4ab4a113846af28fd256-4169-4ff6-a37c-91c35bff7e32
KKKK,2191,31f9329a-173e-4758-8b4f-e881688d4c0e6548e9a3-8c36-4280-ae7a-c540a63f85ce
AAAA,2872,72bef2fd-2aa3-44d1-b3ed-72b592a7af68247e6c8a-96ae-4e57-b7ee-f628919168e5
OOOO,1975,a7745167-2271-4b02-a277-330ea5738b951f8035dd-e9fe-49de-8381-92ceaa06fb19
KKKK,97,5104ab26-a622-43ca-81ee-4ee91a5ac62dd821d9d8-9e17-4cc3-bcc9-c2df068cae77
JJJJ,2711,784ab175-cfd2-4db4-af4d-fa69e85fdf7d0bc915f4-99d8-47a3-ba15-e45aa32d90c8
iiii,2036,d86fbce9-8a36-40bf-a4d1-707898f40ff3d6baa359-b6f7-4e2f-ae0f-f4b969b6d938
kkkk,2129,51252b40-c982-4341-91a5-a964da7f3ae2e83f5ab2-1968-43ea-9e1b-b62561c224cd
TTTT,-201,39ece120-9b59-4f73-8f7f-a592ae0c009826f02f2d-5817-41e6-99af-0809d5beb90f
dddd,822,3aca4c63-9489-4e5a-baa2-d6fd15a02f6dca306715-478a-41d9-8cd9-9663c5e722f5
wwww,-419,ccf31425-0016-48ce-956c-4b845b94cd790b735685-1401-4a19-8819-2a65c2bf6539
OOOO,2660,b9d67bee-7d49-483a-9ff4-84d8f50924f2e8930104-a77e-4c91-8dad-927dc61c08da
RRRR,2438,9c123e42-ca53-42dd-ad4a-549277b32bb246ff2375-f805-43f6-83d5-de542799c9b7
bbbb,517,5f201242-21b3-4f6d-8af7-a61f69e5687d8776fe8d-231e-4e24-89c2-f70807289500
JJJJ,1797,9e3247ba-9125-4853-b3b9-30835e41108a6d061276-cac4-4656-9a54-2ff25a9ea9ba
DDDD,-472,dbdb63fd-6ea1-4ba8-827c-bf5e74c1ede85cf11be0-7cee-4004-9a79-ae1c537360bf
vvvv,-52,5ad91edf-68a2-4989-b231-cb46782e41d5499e5ed3-f7c8-46f6-af0b-44c0ac89a2c6
wwww,2262,7652e0a7-3186-42b7-bf5a-b42240715ba0cbf82f00-3ac3-480b-b284-93ee69d32d07
hhhh,1836,78beb3af-0ea8-4ca0-b467-fb930644a65e4b035559-4c82-4543-a4a8-387fcedcdd34
YYYY,990,c581cdb6-ac77-4301-9ef5-83f41c065234ed38244f-8a78-4036-8728-5e429f11bcc2
bbbb,421,2784dc7a-2fda-4a35-84b7-1fd150972f2d5bbf4a2d-7dac-48ee-aaae-b53711d57d93
FFFF,797,b04ef2b5-331e-4eea-a7ba-a6cf4782d5b71e13dcb2-6b6e-4532-854c-2ee7ec6a31fd
RRRR,2170,00be7e0e-fbb3-4151-89cf-bcec719bf6d8cd56b7d8-a490-4a75-b42c-6d4697462185
yyyy,2324,351b3751-6f1e-4fb6-bd02-a5a519406c21e67ea1b2-bdfe-48b4-937f-f03f8b52cc7f
SSSS,1766,adc3cdd6-cdc0-45ed-9f8f-81f8318e05cfaff23c19-ef47-4692-832b-b65f2229ecf2
ZZZZ,3000,ef93002d-1aa7-42f6-b73a-1e00388b8b49eb35afa2-d8f2-4a4d-a1c0-04773efac10c
ssss,-12,7ffee76c-d08a-4a9c-94bf-fe1d3bcad6e0a3baf9cc-8478-4cd9-a753-58681f10c893
eeee,-250,49ada8c6-0453-467c-b6af-e378e10871dee8b93723-f77b-4390-91c6-90531f075842
bbbb,1576,94cfcaef-840a-4c31-b0a0-66801d0a62ec3fa57f0e-e7fd-4916-bb1e-29fe7119c7b3
tttt,1085,622d4393-bdd1-4fb0-81af-b4c2d6467cbe871d99d2-852c-46c8-a356-abc020904d48
ssss,1290,9d9b832e-d201-410e-b2b1-371906a2e133d01db5de-17e5-4f8f-b6c4-b7246a908dcb
wwww,1458,44e9f879-b894-4a0b-a7eb-b68300bae82f309aec9c-6aab-436e-90e1-5288e9a7d6e2
SSSS,328,f3ab4e45-72e0-47e1-a003-ab36a5ab38fdf4cd578c-bdc5-4f7a-8692-f225baca8dcc
dddd,455,1a95b5f4-aa10-4a4b-bce4-7a9e911986bb0a2e0ec6-e3b1-41c5-9aed-9e12f409c9ac
yyyy,2292,eb99ac25-8a69-4fca-ac35-c81c2efff9807bd44fd3-c831-4c49-994d-b3a91a57383a
jjjj,731,50acbbc9-142d-45bb-bad0-020ce5504fcd256da291-28da-4731-a143-915ba711a33d
qqqq,2775,3f710a16-4ef2-419e-afd4-22f87ac08f5b05b94c64-4d2b-4a6f-9188-00e50d44ca05
eeee,543,ca7be6ab-c732-4e88-8619-e0b4967448c41dbab7a1-90ca-45f4-b45e-0d213101eab0
cccc,2172,e1fa2ec0-b9eb-4213-9100-049a10980a802b9fb099-5e1b-438c-8860-4d778412d192
HHHH,2490,544550e3-a99d-4d5b-8a0f-518876c1dbdfd3ca08a4-ad31-437a-b0a4-8cbe391f10e6
ffff,1435,e7d1845a-89c7-4939-96f7-ab3d896829b366016bd0-ca0d-4a55-85ee-d2714dce63e8
wwww,825,993b3fed-777a-4d16-89c2-2452c700995b470b40dd-4912-4da1-b21b-471bd0e3b191
JJJJ,1300,c5be9fa5-bdf2-46af-a348-7407e5f3a363342fbcde-9ec9-40a6-8b9f-a11bd499cb4c
LLLL,1112,984f8209-a184-4ae4-bfcf-fed982d0a86d2c68407d-12cd-4cfd-bf8d-022b939d2d73
CCCC,2065,2ae610aa-3188-4f9c-b342-0eb1d2a11b10a6c40616-c36a-43b0-8f0b-b0dad0b7a52e
bbbb,996,b2c3ca0c-ac6d-4f3e-b60e-606b147e0c585c404855-04f0-4dc2-b69b-ac33e1ed078e
TTTT,2452,483caf46-a868-4c0f-aac6-be13aef9c9b7ab4a8166-cfc2-4541-8671-4801efc99f1a
JJJJ,2163,17ba5cdc-23fa-42c4-8f29-293388aed4f85f7c31b6-ec11-4ca3-b595-9201f834b5ac
NNNN,2465,a95986d8-2a3e-4e4d-a4fa-10b2633087c5ef6e0d3e-3db6-4cf7-99a5-6f2471213330
nnnn,2822,b0e2e5e7-91a6-41d4-ab2e-0bcf7f19f1a63caee49e-993d-4614-b358-ba61f92b6a7f
qqqq,2281,7abde0e2-b155-4500-8a99-57fe526fab058769566e-a52b-4c80-97c2-1c8abca6588e
SSSS,1654,2a5020fb-9809-42d0-9eb9-9e981da4bd30dfcafc0c-7ed2-4c24-92fc-5f162294eaf8
SSSS,2297,19e4d7ac-32b6-45b8-aa45-ad138867972dd5eff158-6e7d-444b-b496-3bfd5f5a3863
MMMM,789,df618d39-d64b-4476-9865-88d09d6acd55abe200b9-726b-4cd3-bdda-ace1a5011822
yyyy,1936,65aa3c5b-38e3-4e8f-9117-8cf5d269cc2c1220729c-331c-4a00-b92a-40e7afef7752
JJJJ,448,b497fd85-59ec-4640-8cc9-7c40ab0936f41cbbd415-1a70-49ca-b6d3-61152f3bc439
dddd,2702,e5f7415a-6999-4dad-be7f-393babd86a79d8ab5948-12eb-4a6a-a960-9121aad3162f
BBBB,-361,bae87ae8-7ad5-41a3-9df8-438b02cdef49b89535af-dd97-42a6-933a-3cb86dc109b8
JJJJ,1389,99ee70f0-8f8d-408b-972f-4dbe6354c2753b08ec36-21e3-4e21-9df0-19190b396fcc
qqqq,1570,164c5024-6204-4f78-b147-bc79b70a3da9b81ca0f9-cc0d-4085-9c4b-31bb4f6de108
ZZZZ,-461,6ebf00f5-6979-48de-9180-fc0534047a259e0b6142-49ed-4347-b60e-f20d759658cf
DDDD,2302,d3f63076-d133-486d-9aa9-3182d859d9e675a346af-690d-4ed8-886d-4c2859e8fe30
llll,-139,58db08da-900d-4580-acf6-9b1afc9bc734d772076f-4302-4527-ad62-fc9bd6ac7626
MMMM,68,ac3da0d8-261e-4f1e-8e6a-09032732b4366d4a0427-6b2f-4b23-8c13-e5da14403af9
ffff,55,3a0f6879-3565-4436-a866-117407a06f7dc9b9e0a6-d259-4ca6-b3e0-4da1e0e93ad6
uuuu,868,b23f1183-cc34-442b-9f5d-850b82d2dc1480784163-dca9-4cc1-b7ca-846efce60839
nnnn,2547,5882fd12-2139-412b-8b18-53c1cac3cec455cd34bc-0043-4d52-b8d7-99d6c07cc8a1
pppp,-307,a58b4872-42cf-469e-9735-5c5648880bd088cacce8-5159-43b9-8c19-763559a9fedb
YYYY,1711,412a556c-ed4b-4d05-ab8e-e6be37b4ee428732b03b-69a0-477d-9d09-d468f61719f7
pppp,2630,cc01379d-a370-4bc1-8eb2-049012b15f40e37b0989-4fdf-437c-a8b9-4d4bab5f9a4f
TTTT,2648,38404bf4-afab-4f5d-8262-fd9e06036b65ad79e8a1-5202-4061-804b-79e0d761949e
NNNN,135,1e111cfb-1f7b-48d6-ac1b-733b0600787e1fa6a933-f5f2-4161-8b72-9b7612d2000d
cccc,579,4b84dbd3-1106-4872-a96c-fd1978fcbba86f6692cb-dddb-4467-be83-7e43671d9ca4
yyyy,-482,b9e4eacb-6cec-4f8b-8ae3-02095fe0b6cfc1d6dfc9-2454-4929-93bc-e5e6fc181c00
pppp,2747,e7e5aa23-7331-42d3-a857-42349a2e8ffa43a23fb4-a384-4d8a-ad8d-cc009019192e
CCCC,2883,c9b6f8a6-878b-4286-8cfd-a04269ad79f661e4c78f-0ba0-435b-865c-e92281c11e68
OOOO,2587,b9723a5d-cd82-4a9e-b27f-631fd9d8f7c94723316e-7f64-4f4e-91b2-fa4268347dc5
IIII,-456,bf9b338e-a866-4e57-833c-4ed0d949bb847798f5c6-20d8-4f76-8552-e9c9ac871b36
yyyy,2663,f3180f83-759f-4a37-8459-14e8d797bfc85feb4606-e484-4304-bc01-1d2b4d6f131b
nnnn,1419,f20b9193-fc9a-4408-af44-af9868b2aa29e9549cda-a712-42d4-9b8b-7957f6d2bd5b
vvvv,1948,2b47c125-aa91-42b9-aa0a-aa1ed39981c79ee4f860-e8c7-4cff-bbca-f465d83a9821
JJJJ,2674,ffe50406-e305-45cd-8e82-c5f9a4e7ecd520476e43-df68-49e0-a608-40dfe174fb75
jjjj,1380,402fb553-8365-4d17-9965-05497271f505e5ee6544-8882-4614-a5b9-712eb01830be
DDDD,1348,5dbeee0a-10d5-4a3f-8916-ee581a8d9cc3887c248d-afce-46ff-9e67-3274019ae771
wwww,74,5d39f7ab-32dc-4966-a2c7-bc4193f0715fc4cabfad-a4f2-430b-803f-0e10cae4c9b5
rrrr,428,ed40ee28-de55-4ac7-9d2b-26a74380088269aa30cc-d7c4-4007-81d5-f8efad09b572
RRRR,1107,799be2d9-e53e-4a51-af33-90ef10f30eb4c86699eb-0601-47c8-adb2-afac5e2b4951
rrrr,878,5a5510f9-09f7-43b3-969c-63a2b4f7838a967f44ca-88f7-4291-9c8c-c23bc43b3877
WWWW,714,7e7b0125-2b39-474c-9202-8c03bae4754f643d7fed-dfd7-4728-95dc-133a0d1bb50f
ZZZZ,2886,a1fd5ec6-225c-4fcb-bd5e-32369a991583054704bd-f183-4625-8e63-131ef4cc7ea4
wwww,1603,4a4c3578-7588-47d5-94be-7e8d972efb829ec4c370-f8e6-4335-9b3e-3d9f651dc0cb
mmmm,-155,0c0de696-b06d-41b0-a1c7-246f92919cc3608d66fa-9322-4b63-b1b7-8d7ff7980219
TTTT,2002,c8d0b54d-656f-474c-9be3-e6f99b915a396968034a-9e6b-441e-a088-ac0d4b3eddb1
ZZZZ,2820,798e3873-3277-45d9-bb6d-db7b262b44c77ce7c3b9-37fb-4b00-bfa0-1b0bde9012f2
MMMM,-45,1e804989-1b1b-40b1-9d34-602b5179a999c7d3678f-e1c6-411c-8c36-7f97c7208c5b
kkkk,709,fe3ac059-43bd-4b2c-9a80-c95b497b9e1312f1e764-63c6-4633-8714-80de5e2d539f
CCCC,-473,2377651b-55dc-478b-be39-e388b694e47e69a61a41-d1f8-4996-a94e-d36a32e5acfe
UUUU,854,0b969f34-0983-4f72-ac24-f2495b1303d9af07dbd4-0855-451b-9476-657f5a84cfa3
GGGG,964,18d32c85-a7c5-4d5c-8928-f1341424bfac248eb4ec-dc86-470f-8a15-ff62c19be70d
MMMM,-215,6010d460-b2da-462d-8207-ab316671b4b907550af2-f966-4079-a291-19f52ade76a7
LLLL,2071,6ebee631-1468-48df-a75b-56c3f5a4d51b7c8668d5-ab8f-4127-a806-673b4c0aa5b1
AAAA,683,40814044-b321-40bb-800f-2a5a164a7d5ef0432509-5288-4e7d-a161-ff4c3a8a12cc
yyyy,-23,8de5a644-375d-462a-8f1b-19397d4a658b0e644e54-e320-4aa8-b5fc-10b96f47e20c
EEEE,2895,4385bbd1-0f70-4a82-b965-40d2e9d3807b9878a469-74e4-4720-b65c-0e8cac690428
aaaa,92,fbef244f-c48c-44ab-9941-24c025800970eaf0d69f-b2ba-455f-9c7e-1a0828ea908f
tttt,2552,dfb9664d-6b9a-475a-aff9-9b0b45c4118679e8dbc8-e7af-4736-b778-2ba4d18e80ab
CCCC,1368,11240096-215b-409f-a1b3-65ddfdcf9a693004cc24-2c72-401c-b2d0-ca9aee7711d5
LLLL,-70,07fc4648-8380-4896-adff-00d43d57ef1565feccec-1298-4089-839d-244fd35a8dbf
UUUU,-402,3cba6611-1011-4ce9-b57f-74df2eae2c8295967d63-69d8-427e-a7df-6cd994bb7d3c
tttt,1837,c45f370e-d6b9-4615-9be8-03bc969e29914b9e6524-6bb9-4a0b-be7e-3505037d3619
xxxx,1983,b2f156c5-d69f-4abc-a595-c8869190c065bc039bd2-b41f-43f9-926f-42b0d2d25092
bbbb,420,c0080e91-3740-42a4-b61c-9df8e05f4a165d2c9c5b-20e0-40f7-8560-0d6991340dc6
BBBB,1629,69c3f25e-b4c7-48df-a62c-218353ab76ed074645fa-1f0e-4bd8-b90b-c34844830887
GGGG,2218,e5af0468-4bc6-4ce1-a8b4-3e4f0afb38d58a7bf1c1-f276-435d-afeb-1a59f1f1d94c
xxxx,-58,89eb0f92-d9f3-426e-9230-53447c0fa797012ad8e2-efef-4422-b9fc-8bb5ba497070
CCCC,1386,686c3679-d1e1-40c2-8a08-d0a3255473bdb65f5050-b267-4191-8c92-57c3c5fe8409
nnnn,2976,90b1b42b-04e5-4901-8eab-f555fe668edcc2ad6e28-cd07-4a69-aa98-a6cdf1ad4421
MMMM,2489,2942c19d-9581-4c7e-9682-65f856ef0cf5e1dc3e2b-25e0-4bc3-b333-1eedab367f46
QQQQ,1785,c6893aa2-02be-4c48-9920-c84d47bd50532f6a7f74-dae5-448d-9c1a-c8ac1030060b
MMMM,1758,da103326-454e-4ad8-babd-050aeb227fddab5365c3-4b61-4dbe-81ad-d383c41c7357
DDDD,569,2081de0a-5252-49cf-938c-d5e115fe056302e27051-ece2-4a3e-81f4-e82e7ef5dfbb
RRRR,1413,19843814-5f23-4bd3-872f-9e6d2c7cad6d613efb77-3c5a-47b7-b000-de14166d4779
hhhh,1824,86128353-b42e-4932-beb6-8c7712c14466b03b773e-1297-432b-9190-30dc9f0e5aff
xxxx,2858,cb4a5d80-69bb-4824-b576-d12cc164a73f25672df4-d77a-4012-8b2d-393faa1dd4a7
IIII,2051,ef9f24ec-b909-4509-b1d9-3686b3c2ce9006b5c858-bf85-4165-95c8-d9e6b548f211
MMMM,994,32661cc7-ecb2-4d49-8c54-272aa50c99abaf9f7962-b4ec-4507-96d1-6b3c76f10b93
OOOO,1658,cd0f8aa4-e60e-418d-a332-acbf914a87147df6320f-bc27-4b66-a890-5f1036dc3746
FFFF,2870,a2d84584-d2cb-4b79-bf9a-d053b24eb5a4f610eb72-f4f5-4bda-a817-4bba37f1e54f
RRRR,1455,32379398-3976-4571-bc07-7f5b4e3d43de26fffedf-f309-4493-a41d-0a1d87cd9e03
bbbb,2750,8133d463-7f67-42aa-b783-d43adf45d12be20f5fe8-7fdb-497f-8a5c-23febb555579
VVVV,-458,3fb4a3a0-3e93-495c-a1b8-7785974c1b62f4fdf695-7cf7-4972-99fd-926772c069a8
JJJJ,664,6c335b5c-97a3-4b15-814c-e2ea92b0958568016883-ab8d-43f2-92b6-8ea9f66abefd
SSSS,1802,7577fdcd-9e4b-4bf6-a673-f242be74a172884fc733-bc03-4802-b675-290ad49c594f
nnnn,-259,22ba300c-cbc4-4259-b42a-f7fd75e88df8e4c55955-05d5-4c06-b4f6-bcdb7bb76241
FFFF,2588,4be2a054-36c4-4a12-abed-ca5c03cf35a5d9f225bf-4b8e-4bba-909f-251afa862e2f
YYYY,1306,915c624d-2e45-473d-b0c3-b1debd46ac3187a13874-ade9-4178-b34f-fcf004950995
MMMM,744,c65b6e59-d57b-4c18-80ea-1bb918205eca3e0f5f5d-ee11-48db-bca9-c687104099c1
ZZZZ,2946,e75ec073-34a1-4c5a-90b8-71463d305bdd9fd3938f-1192-49cd-8aaf-8ccba82093c0
wwww,501,024291e0-99bc-4053-8907-d2d4752844785985ada8-f9ea-46be-ae95-608f23fccad1
HHHH,2312,3431848a-6331-4f8e-86da-5f7935acdcd3c91f7788-fe2f-4ef9-9699-9b321a3f9ea9
CCCC,2833,fc502b94-7158-4b31-b042-4de6c47894416886863e-7453-4357-bba9-acd7eab973be
YYYY,1967,3ac06cc4-5ca3-4729-97c2-c1668d26ac9e03b42be3-1858-4c87-902c-a516b837b96c
ssss,105,fc6cdb96-ac5e-4f03-8508-c22d8f16455dc8f4f7f2-bdb5-4ce0-837d-7950cb73e4e9
AAAA,2309,86d5819c-a7b7-472e-9cb1-53a2f401fabb9ff7e4ca-e907-4aac-baa2-b516a0f42873
RRRR,982,649fa1fe-9cc6-46a6-b4c5-7819254d3082a74cdefd-85b2-49ae-936d-e44054ad9703
NNNN,405,70385fbe-682f-4770-876f-f0404fe97be3cd09ab0c-9b58-475f-9d59-b15e8729ca9f
BBBB,246,59866833-04a5-4de4-81cd-5063dc23f59960b87899-dff0-4785-a690-4670780ee152
BBBB,-210,cb2251a2-8956-4437-9bad-c71d3a536f0a8606fbc3-34a7-48d5-8863-ff506b013c27
XXXX,-104,4c6fd07c-46eb-44bf-801e-a1a99a7444dd33b20897-48f9-424a-a465-3a8f29d7cb95
IIII,-87,e8ffbf9f-77c9-46f4-ad08-aa375e32f753765d87c5-8b83-43d8-9262-667eb0dffd5e
QQQQ,1155,d7d7b37a-9ef9-4e78-b7de-d1f840bf8ac0fa4477d7-4ae4-4b34-b0c4-326b2d1495f7
jjjj,1087,b9872e46-a36d-4c13-94ec-070e774f8c8b3c79dece-3f17-497c-b3f5-6a88e23de4cc
gggg,2996,30dab233-eca1-4da7-9036-0a30291237488331d028-3e0e-4884-ae3f-960a7c6cb69e
MMMM,540,061da135-04a5-4185-895b-02ebd0b073681481530b-d7ae-41c9-af03-66a1def5cd15
UUUU,2154,60e60b4a-6e7b-410f-a0c9-20b2ce6f29fa0f561c27-c856-49e2-b547-24836c9155ee
EEEE,1401,65de7798-bba2-49df-b6e7-2386ba899e390330f0b9-a03f-405d-981f-f0ce0373a283
iiii,153,e8a0990d-a22b-4f64-8982-f60cf9a0fda1f2b31358-25d0-4050-9e7f-660e03169ef1
ZZZZ,-333,b7ead8a8-975f-4ac3-9bcf-34c3a3d351524771be46-8236-42c4-818d-ed0dcbcf1f0c
aaaa,2013,d31f27d9-de9f-4077-8f3e-32e88fe54af55504abab-64a4-45c1-a28a-4f8647aa68ab
BBBB,-407,4be03154-d253-4210-ac57-46dd9f345356f0e99e3a-4528-48a0-b03f-bc65b74b4d6d
MMMM,-110,2b29aad1-bb15-4c92-9dcc-6b647616a96d57a959ce-ed87-4df0-a42c-35d54676e738
xxxx,2000,07fad5cc-5e54-4bce-abdf-537088f8401b4b3ece45-8d5f-4071-abab-aa011a53ac6a
zzzz,1090,a50042b7-a664-4259-bd76-385bf40af301046f64d7-2cd8-48c9-86ea-20a413e11da9
pppp,1054,36739f1f-4bc0-4cbf-b338-ff3b753f942e6a855265-804c-4242-9cb9-bf6e17cc6fe0
zzzz,2123,d3ba0403-8d7a-4188-9dc0-c029c4249404268b3149-736d-4c13-8966-60658e6c1c93
VVVV,183,5ad71b69-3ee7-487a-b777-2d666823eb0b7fde7226-5018-4b5b-83ba-fc6e22358521
ssss,2229,cc027f13-57fd-4f63-a0ea-596946895e0b4f74b282-d007-42ea-af85-c2c04b5b9b06
cccc,49,97cebd57-1875-4fa5-a380-0d84d7e2e1663cb41891-7971-4b2a-9cc4-bcd1ad0cd7d3
CCCC,99,891aaae8-00d6-4a09-8405-3acc46dc7f9ff6f425f8-d65c-49f7-852d-c6a6c723a50c
RRRR,1722,0194c581-5d2b-4286-8ecd-75f550a38cacf390455a-26ee-4ad2-8d4e-0ff1911d6a39
bbbb,1969,1aae20da-e541-41b4-81f4-90bd121906446f02fb75-5f0a-45cd-a863-d2fd9315b1e6
hhhh,1862,c054ccc0-035c-4f48-868f-2e04470b4f78cc795182-ee48-4c68-8bc5-e04b7d61c202
YYYY,-480,2878e25b-9efb-41b4-9a3c-0f9e0491096ac5a61ee3-11aa-4057-9d39-9eff681c31e0
HHHH,1450,b45673b1-9f37-459d-b930-3385c144c6049451224c-20db-41da-bffb-1c8fafc53bce
wwww,1322,4b6107b1-bf9c-4701-8625-6852a75902dd1b46167a-53a0-41e6-ad82-1e81d7a816f0
kkkk,1540,5b39e456-6006-488e-944d-31137432fb0edabbc6ea-e9e4-4ca5-818f-ab1fb4f156f4
qqqq,422,4d9fb4e1-b1c6-453f-b3ae-08ab477d538fc5977853-886a-485f-9a75-1f21b3f4a6f9
hhhh,-323,b17ba063-c2ba-4a4f-ba9e-f628f3601a1469534513-4b86-4139-a596-a1df0199a3b6
GGGG,1608,f6354391-7048-4eb0-812d-5e59c5953279c6f61584-3834-4e25-a2a4-f90ab8bd9599
gggg,1236,77413a82-b00f-4656-b49b-88b2e4f29e2cead32efb-e74e-4957-b3ac-7d297c017074
xxxx,-418,7d65a549-c7dc-40c9-a664-c47609f885dbb9a28bd9-28de-4fd5-98b0-0902013797a3
qqqq,126,3cfb6c5d-6bcc-42b7-9bd2-28b31cb194135ec5ef2a-0ca6-48fe-9bab-5890fafb8dc6
llll,2267,6bfd1665-e387-4ce8-9535-f35b8a3ea125bcb0cd28-2b6b-478d-b289-cbc4929edda0
wwww,2806,f21aaf22-a07b-49f9-89ec-4da6b1534df799fe9a76-2f80-4387-8526-8bca18a54baa
WWWW,-215,9200f069-2a31-4279-9b13-742685707f9162c1cc2e-548b-4300-8151-c644fd3b2e24
aaaa,1379,45645aca-4bb8-472f-8f12-36ad8e726aa29687e616-25cc-4b35-8c80-ecb996dc50a2
ssss,-412,718a64ed-0186-4c1b-9762-8347546718f207048fe5-516d-4886-b37d-2e8bc265c28b
ffff,2154,e76a762a-649d-4695-9ef3-217f79bff3b7f54e10ff-68f9-43f9-acc0-3c1b2132c1bd
aaaa,2458,2ea94585-9e92-4f61-904c-03440d9bd583424fce8a-cc41-44ea-8b78-229c8e02752d
VVVV,2859,4a4553e4-c98d-421e-aaf0-6a930c6f53250232a909-ecf1-47fb-bf24-8984cc53128c
gggg,1722,17f6bbd4-9e30-49d9-a541-1d74a0ef0e66514a22b4-f1cd-45cd-b24f-382226d88630
QQQQ,2206,527c45c8-555a-45ee-a1a0-f4710e0590add680626f-a86a-450f-a4c0-95baa5b13129
ssss,1092,c8dc8903-2b59-4cf0-bd1e-ea1d09db89dcf7cdd142-9536-4028-8fda-c921518b549e
QQQQ,2851,0819bdd7-d594-40cb-8775-65ab9ee9773d9e8700ac-f712-448c-a9dd-96e45b74a53a
xxxx,960,d27be69d-c6bc-41c0-a743-f5f567b74861c3b507e1-b7c5-4d58-995e-685df7bad3ae
GGGG,1845,97c0b4a3-d8e7-439e-bfc8-ac9085c29c5615b9b78d-0145-4d6d-a218-5bdbe50a6cb1
PPPP,2852,51276791-8eb2-4b96-959b-85c797cb7f3ca3184152-f12f-4dd7-9e80-583f39dbdb97
ssss,1631,b3abfe6e-63b4-4d3b-9bb9-b69dba948d3ac4efe6fe-caf5-4b9a-9c31-668868fe2475
mmmm,480,90f3973f-b120-49d2-8015-c2c676c591f79626a122-6c73-4c5a-859d-b1851f50f614
XXXX,-433,56e2e428-3600-4676-aeb3-d9ed3b4b8ea77cbc08ba-3db0-4177-af91-472fad3f4bc3
EEEE,1932,467c6b86-561d-47bb-bf5a-64685aecf84e8b23264a-5875-4f7b-a748-b0f30773417e
JJJJ,1924,c556c544-06f1-45d9-9188-af829e4fb0056a0a8487-f157-483d-a977-6e30b18726c7
EEEE,570,2af528e5-6bc5-4ccb-8e51-d03064f97add64663e63-f4fd-4791-8f53-2ae5a398f6d1
VVVV,59,81a3822e-b86e-474a-9bef-ddec835c4cc6f5e41dff-7949-42f7-b8b6-817b9f94c1bd
dddd,508,c3708838-eccf-4010-b384-a52cb6dac8c096c81da8-ac4c-4f9b-a968-d50262ed9afc
OOOO,2812,3d76c113-a294-4863-b1f5-4c8d10da9d7216e2ae34-c91b-4350-beb6-42abf3abc06a
cccc,2441,26b83449-304e-4cbd-bceb-fd31926948f9bc44f6bb-862e-4e6e-9e65-c0826419740d
mmmm,792,d63034ca-673c-4f46-821b-d3d938be37821a481069-c1e9-4888-b8be-cfceb9328a6e
qqqq,1834,21a07b60-f702-428a-a032-27ceb1a10deca3169f69-166c-4eee-983f-3c605642e555
XXXX,2648,d14e5d05-3b34-4b3a-8330-a3bb7fe31476417b63d8-e716-4162-aaa5-b9f6cc3361c0
UUUU,1349,e27a2e47-da4f-46f8-a14e-967e715e2dec548ee5a9-f406-43c9-9868-f2d644bcd03a
wwww,860,14b190fb-b2db-45f4-a3eb-88ebead9b5a5ea5c12a7-ba80-40d6-bcac-d3feb4b3bb21
xxxx,1180,722dece6-023b-4bd6-bb45-fcde74b99b64ddf23ba3-82e2-4832-9e0d-63f09d776225
eeee,554,8a78f3f4-925e-42aa-b4e1-711c75ea63a1dbcbda5f-4e63-4151-8ebf-7cfaa320905f
bbbb,1017,40178fe9-ea92-4978-96c0-9e2933b56b53caadb5c9-85e8-4262-ba7f-f0b237ec727f
aaaa,2737,c0c1103a-e837-4945-922c-86d25f97cb09ffd64903-0c6d-43fd-b328-612e38c3c531
ZZZZ,1118,e5acecc5-101b-420d-a402-b4f0d819e21b6b7e3b59-2201-418a-8994-b11cf7e612ea
FFFF,1346,bce3fef1-efa1-4350-8209-40ec62725dec8bbbf851-927a-47a9-8e76-66ddafa9b86d
mmmm,2368,4146b5c1-aaec-4e23-ba27-c34810674553eb19b97e-0a4e-412d-9c10-b5ba03a7d31a
BBBB,185,9e728635-1a32-43a4-adac-8f924b3cad6715a85c44-4499-4a7d-82d5-3dff3f4bae9d
jjjj,952,9a43f596-9cab-4c2d-95bd-09da8de4f4470e5acc8d-4db0-4aa4-9d39-45e13ed089cc
MMMM,-252,7315a002-96ce-48f7-a69b-2b4109bbdc3cbdf00984-3b2f-4ac9-be39-130ea5351f7e
wwww,633,67609065-40cd-4a85-b809-b61de0aeade5256d79e2-7fc6-47f6-8047-297baa4ea132
SSSS,1708,67cac6b6-16af-4dd7-a903-61d33484b54a539bb9de-7c5e-4944-88da-6d42b44268c6
EEEE,650,904c539c-1139-4bee-833d-e43cff2fbeb6718a85a7-8fe7-4f39-9734-3d78f90c396b
rrrr,1122,2d334f8e-fdc4-481b-8e63-b6ab415766819ca8b1e4-4a1e-4c59-aef6-9eda36788418
dddd,875,6f9348b9-e495-4b7a-8bbb-260f005ea2a5c29650cc-f8fa-4486-b8fd-76382b6d934b
nnnn,2777,6fd69bdc-9b38-418b-b17e-9f0a8493905dc0bced2e-f45e-403d-a221-b1ba1888c99e
KKKK,2565,67a152df-e101-41a2-93bc-421e7df5c3b846d82a69-409b-4a45-9f62-023b63a0cbf5
HHHH,525,30709595-31f5-461f-bd41-7765bdd9be2707cf6490-9260-460b-aa31-6183ef837f32
IIII,1357,ecb809dd-5244-427c-83af-417388e0b470b17dd120-bcec-4eeb-9574-0c4d8e4dd4f1
FFFF,1097,5667007d-679f-4dce-80dc-a5f4b5213aeff3850cfa-d12c-4b0d-bf65-53148461b9bb
yyyy,2623,983feecb-2162-44ee-80ce-7e9bd549d8eb5d9b20b5-f709-44d4-a28c-597d9524de0a
kkkk,720,9bb923a7-65e4-4fa3-be6a-d077b2058ea2c84e7e24-b05d-4367-9b26-496942fb5508
TTTT,2225,cd6a73e4-db22-42dc-af92-f508cfde45ee387635db-2611-4d9d-ab39-269098e9343d
AAAA,2544,dbe51716-30b5-40e6-ba6e-ee151f83c4e0c9940152-ef15-4bc6-aa57-bc7dc733e1c9
MMMM,1966,b4a723ff-beb0-4ae4-b0b1-1fc90d96ab8ce8f3b216-bd90-422b-8e5d-244f2c6c098d
dddd,2955,ef1c49de-fcb5-4356-a5ba-43e19001184d2380ad64-4155-40d2-a56b-9566b4ebcecd
JJJJ,941,e96425b4-d01d-45a6-b545-306c826ef5b5e15abe0b-4e4e-4c88-b1d1-821179dc4cae
QQQQ,66,0ded91aa-5c89-4ace-aefe-22c12778ce84196459db-c3d0-4e88-8916-3a36d23fd4c0
mmmm,1678,d0a7b8bd-92fe-4e59-8772-2dcf520d1dcf5ac3031f-4e6e-4f1f-92fd-62c7afc54e00
SSSS,792,f2e54cdb-f291-4b9a-aa0f-ad710f1384b702fe1238-7f3e-436b-bf88-cb3cfe9c9385
KKKK,2007,3bb881a2-881c-4f98-84d0-bdab1364d310cd8640cb-7083-485e-aa70-55819722d260
FFFF,459,dbbe40b2-ab6a-4959-b8bc-1a104edc8f17d68a0abd-3f25-4059-b0c2-5be01322176b
PPPP,-112,e5af44ee-cdfa-459c-ad6f-3e9c3fc3adaa0817d47a-d4f0-44d6-b880-15083e1451fc
dddd,729,da17e7b0-0eda-45c1-9ca8-c9bc5ae398d5bfab5df7-9ac0-4203-b366-83c540f0b732
oooo,2229,bac0963f-bcda-4236-81b6-3f40ec9e50b3db261105-3280-4c3b-ba40-f4efd14992ad
AAAA,1177,69cb098f-e760-4ae9-ae97-e41940c1f000fdb2a3fc-4962-4205-97ce-f8aa750221cc
iiii,814,9a1e4c89-5979-4776-a393-f8ca2e081cd3c293cd7a-2a4c-4a80-87be-72aa55dedb69
yyyy,-151,e07a5a88-5136-45dd-a76b-7500c3d74e5324c79b1f-6980-4ac4-af02-dc389f5622a1
zzzz,1049,95254fdd-9f9b-4a6f-9077-5864c866b0641b516081-cb6b-45f3-bec2-c99952d54eec
ffff,1643,a35093d5-fb4a-4503-9ada-0ee0c955def7e1c94bb1-39c2-4da6-8717-93b6b3063e85
eeee,-60,034a3a20-7339-4328-a93e-73940a803410272dc26f-52df-40ce-b032-6bc8000934cc
IIII,1855,41c97b77-6206-49a5-9f7f-73767880cf4cb909dfd0-e4f6-414f-8f6d-ee2f24e0a6db
LLLL,2976,39e63cf6-428e-44b8-8c54-5486b00cd6f7cfc16a4e-4725-4ed0-a7de-69782d0d4179
uuuu,2009,df17b347-8555-48e6-8a4b-5c42a94ed7ec1ef3cd6f-c674-4fe0-8643-ac93336ed2d6
nnnn,-427,d9a2f9b3-e509-4a48-9621-47ac75c981b8cbccb71e-e979-47d5-a13d-2aa0ae2f570f
KKKK,2963,40919582-980b-4e0f-8baf-ee5c78ff97a3353eaaaf-bff8-4c7c-afaf-a5042be04dbf
QQQQ,2925,3b0a5302-649b-49fe-9e9f-d854976e36914026e30f-2913-49e1-a64d-fc3a926a2025
kkkk,821,dbc75313-1430-415a-9614-39be4d9ac38391fd907b-9ecd-4cbd-962f-c83b2c73f69b
bbbb,1602,9e25a8a1-6a54-4ee1-bdb5-810ffd4e1db20f03f2b4-9e7f-4236-9d4d-8626657824d3
GGGG,1343,d2553da8-2343-49b0-a11f-b82667a3b3569f14a188-b382-4646-b006-32b677d03201
wwww,2788,3bff0d77-d840-444f-b695-a93adcdb268c4dec9461-d426-4a5b-9c60-0a858ce46006
TTTT,804,4d805d3b-f3a9-4359-9c9c-235b6d6919ad61c174be-be4b-40b7-a784-2f55f480c85e
DDDD,1484,f840704e-8cbb-402a-9b93-9c18d756746c28e3feb7-fb16-47f0-9b88-3f256423a3e5
LLLL,137,a84ae165-2906-4760-97e6-299cd8af68b5db243991-9d37-41f9-ad5e-6b0eaeec564f
yyyy,506,7927f21b-95ae-4273-90f2-5cddb2b3fb0b746d6736-4ba4-4ebb-a63e-a66ace6cc372
mmmm,1710,0a03800a-de77-490a-8d3a-4868122de491bcb98ad4-9e4f-4f18-9e2f-57378bc31ed9
dddd,-43,cbbeb054-433a-47cf-bb52-b4a1087012359c5123ce-91cc-4044-abad-e6a58498617b
uuuu,-304,e4d0fa66-ad2a-4127-8e0d-b87f6b1e05d09b0e3d24-9ab1-4425-9a55-492e5c59e0da
pppp,-140,0e0c6a94-c883-441b-9e72-8dc96a6970b82a9419c4-75ef-4ec2-9ea2-7ac86fd11075
NNNN,-497,262ed939-57ed-4e1f-91c8-147d5d3ed73eee125f93-716b-4174-8a8b-09872d50b962
eeee,520,355f4b2c-41ab-4c21-a7e2-571c955991bd894355f2-59c9-49e5-a616-678218b23c1d
EEEE,-448,656a0c9a-4817-49f2-832e-763a9b09279c7caa132c-e5f7-443c-b62d-4296e09b3e1f
Player 31043,-500,20c49532-04f0-4564-8403-aaeeed01c8f6263e8a73-09ac-4436-aa23-6d30ca874c85
heyho,0,4cb4509b-5bdb-4488-ab27-be740511f2537e75357a-c43e-4cf3-9834-54053841d90e